{
  "$schema": "http://json-schema.org/schema",
  "id": "SchematicsNgRxEntity",
  "title": "NgRx Entity Options Schema",
  "type": "object",
  "properties": {
    "name": {
      "type": "string"
    },
    "appRoot": {
      "type": "string"
    },
    "path": {
      "type": "string",
      "default": "app"
    },
    "sourceDir": {
      "type": "string",
      "default": "src"
    },
    "spec": {
      "type": "boolean",
      "description": "Specifies if a spec file is generated.",
      "default": true
    },
    "reducers": {
      "type": "string",
      "description": "Specifies the reducers file.",
      "aliases": ["r"]
    },
    "module": {
      "type": "string",
      "description": "Specifies the declaring module.",
      "aliases": ["m"]
    },
    "flat": {
      "type": "boolean",
      "default": true,
      "description": "Flag to indicate if a dir is created."
    },
    "group": {
      "type": "boolean",
      "default": false,
      "description": "Group actions, reducers and effects within relative subfolders",
      "aliases": ["g"]
    }
  },
  "required": [
    "name"
  ]
}
