{
  "$schema": "http://json-schema.org/schema",
  "id": "SchematicsNgRxState",
  "title": "NgRx State Management Options Schema",
  "type": "object",
  "properties": {
    "name": {
      "type": "string"
    },
    "path": {
      "type": "string",
      "default": "app"
    },
    "appRoot": {
      "type": "string"
    },
    "sourceDir": {
      "type": "string",
      "default": "src"
    },
    "flat": {
      "type": "boolean",
      "default": true,
      "description": "Flag to indicate if a dir is created."
    },
    "spec": {
      "type": "boolean",
      "default": true,
      "description": "Specifies if a spec file is generated."
    },
    "module": {
      "type": "string",
      "default": "",
      "description": "Allows specification of the declaring module.",
      "alias": "m",
      "subtype": "filepath"
    },
    "statePath": {
      "type": "string",
      "default": "reducers"
    },
    "root": {
      "type": "boolean",
      "default": false,
      "description": "Flag to setup the root state or feature state."
    }
  },
  "required": [
    "name"
  ]
}
