{
  "$schema": "http://json-schema.org/schema",
  "id": "SchematicsNgRxAction",
  "title": "NgRx Action Options Schema",
  "type": "object",
  "properties": {
    "name": {
      "type": "string"
    },
    "appRoot": {
      "type": "string"
    },
    "path": {
      "type": "string",
      "default": "app"
    },
    "sourceDir": {
      "type": "string",
      "default": "src"
    },
    "spec": {
      "type": "boolean",
      "description": "Specifies if a spec file is generated.",
      "default": false
    },
    "flat": {
      "type": "boolean",
      "default": true,
      "description": "Flag to indicate if a dir is created."
    },
    "group": {
      "type": "boolean",
      "default": false,
      "description": "Group actions file within 'actions' folder",
      "aliases": ["g"]
    }
  },
  "required": [
    "name"
  ]
}
