{
  "$schema": "http://json-schema.org/schema",
  "id": "SchematicsNgRxEffect",
  "title": "NgRx Effect Options Schema",
  "type": "object",
  "properties": {
    "name": {
      "type": "string"
    },
    "path": {
      "type": "string",
      "default": "app"
    },
    "appRoot": {
      "type": "string"
    },
    "sourceDir": {
      "type": "string",
      "default": "src"
    },
    "flat": {
      "type": "boolean",
      "default": true,
      "description": "Flag to indicate if a dir is created."
    },
    "spec": {
      "type": "boolean",
      "default": true,
      "description": "Specifies if a spec file is generated."
    },
    "module": {
      "type": "string",
      "default": "",
      "description": "Allows specification of the declaring module.",
      "alias": "m",
      "subtype": "filepath"
    },
    "root": {
      "type": "boolean",
      "default": false,
      "description": "Flag to indicate whether the effects are registered as root."
    },
    "feature": {
      "type": "boolean",
      "default": false,
      "description": "Flag to indicate if part of a feature schematic."
    },
    "group": {
      "type": "boolean",
      "default": false,
      "description": "Group effects file within 'effects' folder",
      "aliases": ["g"]
    }
  },
  "required": [
    "name"
  ]
}
